{"chunk_definitions":[{"chunk_id":"csetup_chunk","chunk_label":"setup","document_id":"301EE0C9","expansion_state":0,"options":{"engine":"r","include":false,"label":"setup"},"row":11,"row_count":1,"visible":true},{"chunk_id":"cvza04ksszmmk","chunk_label":"unnamed-chunk-2","document_id":"301EE0C9","expansion_state":0,"options":{"engine":"r","label":"unnamed-chunk-1"},"row":108,"row_count":1,"visible":true}],"default_chunk_options":{"echo":true,"error":false},"doc_write_time":1569866525,"working_dir":null}